population_density,avg_income,internet_penetration,avg_rent,air_quality_index,public_transport_score,happiness_score,green_space_ratio,cluster
2220.1964285714284,4067.9464285714284,88.85803571428572,1461.7857142857142,50.625,62.75625,8.373214285714283,36.620535714285715,0
4128.951807228916,2483.614457831325,72.7710843373494,879.0361445783133,72.73493975903614,54.36024096385542,6.596385542168675,35.214457831325305,1
9690.68181818182,2564.5454545454545,73.39090909090909,887.2727272727273,108.0,64.35454545454546,5.25,22.245454545454546,2
2716.360655737705,1206.0655737704915,50.3327868852459,411.63934426229514,80.57377049180327,38.40983606557377,4.5393442622950815,35.98196721311476,3
